position,ref_base,alt_base
7675232,G,C
7674914,A,T
7673802,C,T
7674233,C,A
7673839,T,A
7673743,C,T
7675136,G,A
7676080,C,A
7673791,A,G
7673699,A,T
7676274,T,G
7670643,C,T
7675127,A,C
7676118,G,A
7674187,T,G
7673777,G,C
7675158,G,A
7675122,T,C
7673554,C,T
7675172,A,C
7676158,G,C
7675216,C,A
7673746,T,A
7673694,T,G
7676395,T,A
7675161,G,T
7673787,G,C
7675209,A,C
7670705,C,T
7674939,C,A
7675070,C,T
7674229,C,T
7676171,C,T
7676236,G,C
7675208,C,T
7675136,G,T
7675086,A,G
7676273,C,A
7669662,T,G
7674952,A,T
7676187,T,C
7674885,C,A
7669658,G,C
7675172,A,T
7673530,A,C
7673698,T,C
7675217,T,A
7673600,T,C
7675170,C,A
7675190,C,T
7676121,G,A
7674217,C,T
7675174,C,T
7673579,G,A
7676274,T,C
7673839,T,C
7674950,A,T
7674244,C,T
7674289,A,T
7676055,C,T
7673776,G,C
7674948,T,A
7673788,G,C
7673812,A,C
7675997,G,T
7674257,A,G
7675119,G,T
7676283,G,T
7675151,C,A
7670693,T,C
7673555,C,A
7673821,G,C
7669692,T,C
7674921,C,A
7670664,C,G
7675230,G,T
7673710,T,C
7673587,G,A
7670693,T,A
7669620,C,T
7670709,C,T
7674226,A,C
7675140,G,A
7673763,T,G
7669672,C,A
7670608,C,A
7674223,T,C
7674262,T,G
7673847,A,G
7674257,A,C
7674190,T,C
7676065,T,A
7676056,C,G
7675995,G,T
7674250,C,A
7676055,C,A
7676185,C,T
7670686,G,T
7670627,C,T
7674217,C,G
7670716,C,T
7675193,G,T
7673824,C,T
7674888,T,C
7673570,T,A
7675214,A,G
7676198,G,T
7675237,C,A
7673700,C,G
7675227,C,A
7676109,G,A
7676203,C,A
7673581,G,A
7674251,A,T
7670671,C,G
7674252,C,A
7674872,T,G
7670709,C,A
7675095,C,T
7673728,C,A
7674899,G,A
7675994,C,A
7674893,C,T
7673608,G,A
7673554,C,A
7673814,C,A
7674230,C,T
7670670,C,T
7673527,C,T
7676028,A,G
7674866,G,A
7675109,T,G
7674887,C,G
7675992,A,G
7674226,A,T
7675237,C,T
7673547,A,T
7675085,C,A
7674973,T,C
7669656,G,A
7676605,C,T
7675097,A,T
7674206,T,C
7674894,G,C
7675082,G,C
7674293,A,G
7674236,T,C
7674249,A,T
7674893,C,A
7669691,C,T
7674882,C,T
7673764,C,A
7674217,C,A
7670678,A,C
7676154,G,A
7676557,G,A
7676056,C,T
7669631,G,C
7673610,T,A
7673761,C,T
7676176,T,A
7674221,G,C
7676241,A,T
7675995,G,C
7673542,G,A
7674954,G,T
7673799,A,C
7675200,C,G
7676532,G,A
7674917,T,C
7674250,C,T
7674249,A,C
7674245,T,C
7674169,G,A
7674232,C,A
7675076,T,G
7673528,T,C
7673796,C,T
7674256,T,C
7675240,T,A
7673534,C,G
7676569,C,T
7676250,A,G
7670629,C,A
7675099,C,A
7674192,C,T
7673597,T,G
7675053,C,G
7674894,G,A
7673567,T,A
7675053,C,T
7675052,C,T
7674291,C,G
7669614,C,G
7673718,G,A
7675130,G,T
7674885,C,G
7673800,C,G
7676568,G,C
7674256,T,G
7673787,G,A
7674887,C,A
7676038,G,C
7673577,C,A
7675181,T,G
7676037,A,T
7669626,C,T
7674953,T,C
7675190,C,A
7674909,C,A
7674233,C,T
7676554,A,T
7673782,T,C
7673613,G,A
7674269,T,A
7676032,A,T
7674888,T,G
7673226,G,A
7676186,A,T
7675148,G,C
7673770,T,C
7676247,T,C
7675119,G,A
7673522,C,G
7675084,G,T
7676399,G,T
7675211,A,C
7675218,T,G
7675245,A,T
7673803,G,C
7673777,G,T
7673770,T,G
7673800,C,A
7673764,C,T
7676097,C,T
7675238,T,A
7675124,T,C
7676271,G,A
7675076,T,A
7675234,G,C
7673625,G,T
7673790,C,A
7675075,A,C
7676248,C,T
7676058,T,A
7674225,C,G
7670624,C,T
7674327,G,A
7676405,T,C
7673693,T,G
7674253,A,T
7673728,C,G
7676211,C,A
7673703,C,T
7670636,T,A
7674254,T,C
7675235,T,C
7673547,A,C
7675218,T,C
7675125,A,G
7669693,G,A
7676581,T,C
7676381,C,G
7670699,C,A
7674965,G,A
7670655,C,A
7673779,C,T
7673776,G,A
7673564,G,A
7674953,T,A
7676281,G,A
7675123,G,T
7673700,C,A
7674211,A,T
7675088,C,T
7670699,C,T
7675229,G,C
7674214,G,A
7676229,G,C
7675051,A,T
7673716,C,T
7673799,A,G
7669679,G,T
7674193,A,T
7674218,T,C
7674202,A,G
7669661,G,A
7674247,T,G
7674918,A,G
7676155,G,A
7676606,G,A
7673823,C,A
7676245,C,T
7676566,A,C
7670624,C,A
7669671,C,T
7673770,T,A
7673793,G,C
7673535,C,T
7674859,C,T
7670699,C,G
7676011,T,C
7670664,C,A
7674220,C,G
7676088,G,T
7676127,G,A
7675993,C,A
7675206,G,C
7676518,C,T
7674193,A,G
7675142,A,G
7674221,G,A
7674868,C,T
7669682,T,G
7676148,G,C
7673805,A,T
7673613,G,T
7675209,A,G
7674187,T,A
7674889,A,C
7673802,C,G
7676037,A,G
7674208,A,G
7674873,A,C
7674197,T,G
7675113,G,A
7676526,C,T
7675234,G,T
7674179,A,T
7673604,C,G
7675993,C,T
7674918,A,T
7676576,C,G
7674857,A,T
7674857,A,C
7673700,C,T
7673796,C,A
7675992,A,T
7673755,G,T
7676106,G,A
7675224,G,A
7676244,T,C
7676176,T,C
7674199,A,T
7674286,C,A
7673775,C,G
7673789,A,T
7675233,A,T
7670673,C,T
7669634,T,C
7676047,C,A
7675139,C,T
7674263,A,C
7674906,T,C
7676050,A,C
7673534,C,A
7674885,C,T
7676140,G,A
7675223,A,T
7674904,T,G
7676399,G,C
7673784,C,T
7675995,G,A
7675233,A,G
7675098,C,A
7674232,C,G
7676103,G,A
7670703,C,A
7676190,G,A
7673752,G,C
7675992,A,C
7670653,A,C
7674206,T,G
7673781,C,G
7674972,C,G
7676380,A,T
7675146,G,C
7676048,G,T
7674229,C,A
7674211,A,C
7673533,A,C
7674205,G,A
7674268,A,T
7675989,C,T
7676276,T,A
7676071,G,A
7674216,C,A
7674927,G,A
7674291,C,T
7673826,A,G
7676237,C,T
7676028,A,T
7674242,A,T
7675123,G,C
7675216,C,G
7669612,G,C
7675134,T,C
7674947,A,G
7673812,A,T
7674962,G,C
7673805,A,C
7669639,C,T
7674292,T,C
7675085,C,T
7673533,A,G
7674858,C,G
7676564,C,G
7673797,A,C
7675161,G,C
7670645,G,C
7675094,A,T
7675184,A,C
7674268,A,G
7674945,G,C
7674935,C,A
7670648,T,C
7670673,C,A
7675994,C,T
7673575,G,A
7673787,G,T
7676032,A,C
7674900,T,G
7675178,A,T
7675139,C,A
7670601,T,C
7675074,C,T
7673598,G,T
7674260,T,C
7674278,A,G
7673809,C,A
7673251,G,A
7674858,C,A
7674216,C,G
7674870,C,A
7674947,A,T
7675131,C,T
7673767,C,T
7673609,C,T
7670672,T,C
7674905,C,T
7675109,T,A
7673747,C,G
7673808,T,A
7675118,T,A
7676059,G,A
7673797,A,G
7675213,C,T
7675071,G,A
7674857,A,G
7673536,T,C
7669676,T,C
7669673,T,C
7676121,G,T
7669687,G,T
7676283,G,C
7674200,T,A
7674292,T,A
7674942,C,T
7675161,G,A
7675064,G,C
7674245,T,G
7673801,A,G
7675076,T,C
7675191,A,G
7674956,T,C
7676512,T,G
7674957,G,A
7674179,A,C
7669687,G,C
7676112,G,A
7674178,G,A
7674263,A,G
7675212,A,C
7674279,G,C
7670700,G,A
7676113,C,T
7673823,C,T
7674227,T,C
7675145,C,G
7674263,A,T
7675142,A,C
7675149,T,G
7676269,G,C
7674291,C,A
7674230,C,A
7676567,C,A
7673534,C,T
7675157,G,C
7670631,C,T
7675142,A,T
7676223,T,C
7675210,A,T
7675160,G,C
7670694,C,T
7673736,G,A
7670661,G,C
7676251,T,C
7669691,C,G
7676529,T,C
7675187,G,A
7674220,C,A
7673696,C,G
7670607,A,T
7676218,C,A
7674926,C,T
7675077,G,C
7674916,A,C
7670695,G,C
7675223,A,G
7676155,G,T
7669690,G,A
7673796,C,G
7673841,C,T
7674251,A,C
7675148,G,A
7674944,C,G
7674962,G,A
7676573,G,T
7676035,C,T
7674180,C,T
7675086,A,T
7674241,G,C
7673819,C,G
7676044,A,T
7674945,G,A
7675175,C,T
7673712,C,T
7673704,G,A
7670669,G,T
7675088,C,A
7673699,A,C
7670717,T,C
7674252,C,T
7676136,G,C
7673788,G,A
7673609,C,G
7674229,C,G
7674179,A,G
7674257,A,T
7670619,C,A
7673746,T,C
7673543,T,C
7676266,A,T
7674950,A,C
7676215,G,A
7669614,C,T
7676164,C,T
7673609,C,A
7675149,T,C
7673715,C,T
7674876,G,A
7675140,G,C
7674954,G,C
7674873,A,T
7676404,C,T
7668477,G,A
7676052,C,A
7676240,C,G
7673795,A,T
7676031,A,C
7673811,A,C
7674944,C,A
7674873,A,G
7676096,C,T
7675232,G,T
7676253,G,A
7675109,T,C
7674212,T,G
7674218,T,A
7674277,C,T
7673820,C,G
7673537,G,A
7676211,C,T
7673781,C,T
7675128,T,A
7668434,T,G
7673778,T,C
7673781,C,A
7676259,G,A
7675122,T,A
7676163,G,A
7675082,G,A
7676032,A,G
7670630,C,T
7673838,C,T
7673803,G,T
7673772,C,G
7675064,G,A
7675994,C,G
7674983,C,T
7675095,C,A
7676125,G,C
7674972,C,T
7676584,G,C
7673733,T,C
7676048,G,C
7674235,A,G
7674269,T,G
7674248,T,C
7675137,C,T
7674973,T,G
7676003,C,T
7674850,A,G
7673598,G,A
7675095,C,G
7673779,C,G
7670625,T,A
7674246,G,C
7675993,C,G
7670622,T,C
7675218,T,A
7676560,G,C
7673788,G,T
7675140,G,T
7675084,G,C
7673555,C,T
7674980,A,T
7674916,A,T
7676381,C,A
7675094,A,G
7674225,C,T
7674252,C,G
7676196,G,C
7675078,G,C
7675063,T,A
7676273,C,T
7676043,A,C
7674202,A,T
7673582,G,A
7674914,A,G
7674859,C,A
7676051,G,C
7675077,G,T
7673610,T,G
7673551,T,A
7675241,A,C
7676222,A,C
7673780,T,A
7676060,G,C
7676370,C,G
7674250,C,G
7674261,G,T
7675232,G,A
7676209,A,G
7670637,C,T
7675185,C,T
7675127,A,T
7670658,T,A
7674294,G,C
7673824,C,A
7674255,G,C
7675212,A,T
7675148,G,T
7675139,C,G
7674918,A,C
7676387,C,T
7674239,A,T
7674238,C,A
7675208,C,A
7674211,A,G
7675096,A,C
7676113,C,G
7673810,A,T
7674882,C,A
7676271,G,T
7674972,C,A
7673531,G,A
7673740,C,A
7673793,G,T
7673809,C,T
7675125,A,C
7673779,C,A
7675197,T,A
7676187,T,A
7674241,G,A
7670682,C,G
7674230,C,G
7674887,C,T
7673764,C,G
7674893,C,G
7673795,A,C
7673824,C,G
7674908,T,A
7675080,G,C
7674191,C,A
7676268,G,C
7674947,A,C
7675094,A,C
7676030,G,T
7676367,A,G
7676560,G,A
7675070,C,G
7674238,C,T
7676197,G,T
7674237,G,C
7674867,G,A
7670716,C,G
7673806,C,A
7673799,A,T
7676381,C,T
7675207,G,C
7674858,C,T
7675227,C,T
7675045,C,T
7673541,G,A
7674251,A,G
7674878,A,T
7669671,C,A
7674193,A,C
7676239,T,C
7675100,T,C
7670685,G,A
7674872,T,C
7676040,C,A
7673578,T,C
7673558,C,G
7674182,T,C
7675115,G,T
7687376,C,G
7670694,C,A
7674953,T,G
7676588,C,T
7674241,G,T
7673617,G,A
7676522,G,A
7674238,C,G
7673839,T,G
7676080,C,G
7674226,A,G
7674239,A,C
7676060,G,T
7670684,C,G
7673759,C,G
7674247,T,C
7674255,G,T
7675052,C,A
7674223,T,A
7676380,A,C
7675157,G,A
7670678,A,G
7675206,G,A
7674884,A,C
7675089,G,C
7674225,C,A
7673755,G,C
7676411,A,G
7675217,T,C
7675178,A,G
7673767,C,A
7675220,T,A
7675996,T,G
7673833,T,C
7674878,A,C
7676064,G,A
7670596,T,C
7676066,T,C
7673552,C,A
7673610,T,C
7675074,C,A
7673838,C,A
7675125,A,T
7675155,G,A
7670645,G,A
7675210,A,G
7675189,G,C
7674261,G,C
7673802,C,A
7674277,C,G
7674951,G,A
7675236,A,C
7676013,G,C
7675077,G,A
7675224,G,C
7676269,G,T
7673803,G,A
7674227,T,G
7673806,C,G
7673775,C,T
7673806,C,T
7676591,C,T
7670689,C,T
7673701,C,T
7676026,G,T
7674265,T,C
7674180,C,G
7675086,A,C
7675115,G,C
7674237,G,T
7676230,G,T
7675169,T,G
7674180,C,A
7674851,A,C
7675079,T,G
7674191,C,T
7673778,T,A
7675078,G,T
7675238,T,C
7675101,C,A
7673766,T,A
7675217,T,G
7673596,T,C
7676185,C,A
7676030,G,C
7674232,C,T
7676269,G,A
7674262,T,C
7674209,G,C
7676257,G,A
7675236,A,G
7676094,G,A
7674175,C,T
7674290,C,T
7675199,G,A
7674871,A,T
7673826,A,T
7676044,A,C
7675146,G,A
7673780,T,G
7673790,C,T
7669644,G,A
7676040,C,G
7673821,G,A
7670630,C,A
7674212,T,A
7675075,A,T
7674879,C,T
7676564,C,T
7673785,C,T
7675182,G,A
7673707,T,A
7674268,A,C
7674890,T,C
7673603,G,A
7674202,A,C
7675070,C,A
7674936,C,A
7675143,C,A
7676140,G,T
7676076,G,A
7674886,A,C
7676558,G,C
7675184,A,G
7673812,A,G
7676210,C,T
7676262,G,A
7673794,C,G
7674242,A,C
7673811,A,G
7670714,A,T
7676011,T,A
7676167,C,A
7676136,G,A
7675221,T,A
7673755,G,A
7676023,A,C
7670649,G,A
7674927,G,C
7673778,T,G
7675207,G,T
7673745,T,G
7674954,G,A
7674220,C,T
7674239,A,G
